{"homography": [[-526.4365142853421, 221.82412150558827, 874.5836397178375], [-433.9254457123998, -304.39957512898803, -96.42752047362433], [0.01782017922949302, -0.02839261849150302, 1.0]], "pos_src": [[0.26297169811320753, 0.12291666666666667], [0.3231132075471698, 0.28541666666666665], [0.37735849056603776, 0.44791666666666663], [0.43042452830188677, 0.6083333333333334], [0.4858490566037736, 0.76875], [0.3785377358490566, 0.125], [0.43514150943396224, 0.2895833333333333], [0.4893867924528302, 0.4520833333333333], [0.5424528301886793, 0.6145833333333333], [0.5966981132075472, 0.775], [0.49174528301886794, 0.12291666666666667], [0.5471698113207547, 0.2958333333333333], [0.6002358490566038, 0.45625000000000004], [0.6544811320754716, 0.61875], [0.7110849056603774, 0.7833333333333333], [0.6108490566037735, 0.14375000000000004], [0.6591981132075472, 0.30000000000000004], [0.7134433962264151, 0.4625], [0.7688679245283019, 0.625], [0.8254716981132075, 0.7895833333333333], [0.7275943396226415, 0.13958333333333328], [0.7747641509433962, 0.30208333333333337], [0.8278301886792453, 0.4666666666666667], [0.8832547169811321, 0.6291666666666667], [0.9363207547169812, 0.7916666666666666]], "pos_dst": [[760.654147445026, -248.20715814124355], [770.654147445026, -323.20715814124355], [780.654147445026, -398.20715814124355], [790.654147445026, -473.20715814124355], [800.654147445026, -548.2071581412436], [700.654147445026, -298.20715814124355], [710.654147445026, -373.20715814124355], [720.654147445026, -448.20715814124355], [730.654147445026, -523.2071581412436], [740.654147445026, -598.2071581412436], [640.654147445026, -348.20715814124355], [650.654147445026, -423.20715814124355], [660.654147445026, -498.20715814124355], [670.654147445026, -573.2071581412436], [680.654147445026, -648.2071581412436], [580.654147445026, -398.20715814124355], [590.654147445026, -473.20715814124355], [600.654147445026, -548.2071581412436], [610.654147445026, -623.2071581412436], [620.654147445026, -698.2071581412436], [520.654147445026, -448.20715814124355], [530.654147445026, -523.2071581412436], [540.654147445026, -598.2071581412436], [550.654147445026, -673.2071581412436], [560.654147445026, -748.2071581412436]], "offset": [420.65414744502596, -548.2071581412436], "frame_size": [848, 480]}